29-Sep-17,1,14187,12090
29-Sep-17,2,13789,11765
29-Sep-17,3,13447,11513
29-Sep-17,4,13913,11491
29-Sep-17,5,14245,11920
29-Sep-17,6,15084,13158
29-Sep-17,7,15905,14464
29-Sep-17,8,16224,14684
29-Sep-17,9,16382,14790
29-Sep-17,10,16588,14816
29-Sep-17,11,16592,14967
29-Sep-17,12,16307,14849
29-Sep-17,13,16225,14897
29-Sep-17,14,16166,14829
29-Sep-17,15,15857,14583
29-Sep-17,16,16331,14846
29-Sep-17,17,16569,14922
29-Sep-17,18,16395,14975
29-Sep-17,19,16840,15549
29-Sep-17,20,16534,15373
29-Sep-17,21,16032,14803
29-Sep-17,22,15298,13923
29-Sep-17,23,14540,12977
29-Sep-17,24,14408,12095
30-Sep-17,1,13949,11640
30-Sep-17,2,13702,11382
30-Sep-17,3,13778,11232
30-Sep-17,4,13545,11175
30-Sep-17,5,13514,11345
30-Sep-17,6,13881,11778
30-Sep-17,7,14447,12483
30-Sep-17,8,15073,13104
30-Sep-17,9,14642,13197
30-Sep-17,10,14442,12863
30-Sep-17,11,14400,12798
30-Sep-17,12,14994,13123
30-Sep-17,13,14829,12911
30-Sep-17,14,14421,12678
30-Sep-17,15,14342,12614
30-Sep-17,16,14603,12959
30-Sep-17,17,15081,13591
30-Sep-17,18,15472,14115
30-Sep-17,19,15821,14696
30-Sep-17,20,15716,14506
30-Sep-17,21,15417,13920
30-Sep-17,22,14988,13258
30-Sep-17,23,14257,12437
30-Sep-17,24,14252,11796
01-Oct-17,1,14108,11415
01-Oct-17,2,13830,11173
01-Oct-17,3,13724,11015
01-Oct-17,4,13646,11002
01-Oct-17,5,13894,11140
01-Oct-17,6,13987,11539
01-Oct-17,7,14194,11906
01-Oct-17,8,14251,12283
01-Oct-17,9,14084,12311
01-Oct-17,10,14199,12396
01-Oct-17,11,14366,12424
01-Oct-17,12,14590,12464
01-Oct-17,13,14699,12442
01-Oct-17,14,14642,12458
01-Oct-17,15,14544,12550
01-Oct-17,16,15070,13168
01-Oct-17,17,15691,13977
01-Oct-17,18,16242,14645
01-Oct-17,19,16458,15116
01-Oct-17,20,16129,14727
01-Oct-17,21,15730,14232
01-Oct-17,22,14802,13410
01-Oct-17,23,14622,12513
01-Oct-17,24,14536,11943
02-Oct-17,1,14018,11524
02-Oct-17,2,13879,11388
02-Oct-17,3,13716,11274
02-Oct-17,4,13991,11432
02-Oct-17,5,13924,11972
02-Oct-17,6,15050,13426
02-Oct-17,7,16068,14727
02-Oct-17,8,15852,14601
02-Oct-17,9,15850,14500
02-Oct-17,10,15966,14560
02-Oct-17,11,16064,14471
02-Oct-17,12,16036,14455
02-Oct-17,13,16075,14488
02-Oct-17,14,16197,14605
02-Oct-17,15,16421,14834
02-Oct-17,16,16790,15306
02-Oct-17,17,17390,15915
02-Oct-17,18,17703,16240
02-Oct-17,19,17832,16533
02-Oct-17,20,17518,16106
02-Oct-17,21,16855,15306
02-Oct-17,22,15780,14156
02-Oct-17,23,14704,13046
02-Oct-17,24,14389,12293
03-Oct-17,1,14262,11855
03-Oct-17,2,13841,11591
03-Oct-17,3,13925,11499
03-Oct-17,4,13933,11588
03-Oct-17,5,14224,12163
03-Oct-17,6,15001,13429
03-Oct-17,7,16248,14677
03-Oct-17,8,16184,14622
03-Oct-17,9,15872,14417
03-Oct-17,10,15907,14418
03-Oct-17,11,16020,14531
03-Oct-17,12,16133,14644
03-Oct-17,13,16347,14862
03-Oct-17,14,16382,14984
03-Oct-17,15,16735,15246
03-Oct-17,16,17213,15728
03-Oct-17,17,17604,16205
03-Oct-17,18,17553,16531
03-Oct-17,19,17844,16596
03-Oct-17,20,17737,16533
03-Oct-17,21,17012,15647
03-Oct-17,22,16042,14576
03-Oct-17,23,14784,13214
03-Oct-17,24,14422,12534
04-Oct-17,1,14075,12140
04-Oct-17,2,13803,11835
04-Oct-17,3,13688,11596
04-Oct-17,4,13496,11631
04-Oct-17,5,13938,12111
04-Oct-17,6,15120,13534
04-Oct-17,7,16629,15073
04-Oct-17,8,16855,15294
04-Oct-17,9,17046,15585
04-Oct-17,10,17308,15847
04-Oct-17,11,17342,15964
04-Oct-17,12,17493,15979
04-Oct-17,13,17982,16517
04-Oct-17,14,18112,16595
04-Oct-17,15,18147,16637
04-Oct-17,16,18419,16970
04-Oct-17,17,18653,17232
04-Oct-17,18,18831,17373
04-Oct-17,19,18856,17418
04-Oct-17,20,18704,17243
04-Oct-17,21,17747,16288
04-Oct-17,22,16479,15017
04-Oct-17,23,15224,13656
04-Oct-17,24,14679,12744
05-Oct-17,1,14110,12262
05-Oct-17,2,13807,11936
05-Oct-17,3,13735,11830
05-Oct-17,4,13848,11886
05-Oct-17,5,13880,12309
05-Oct-17,6,15119,13549
05-Oct-17,7,16364,14842
05-Oct-17,8,16395,14877
05-Oct-17,9,16156,14661
05-Oct-17,10,16125,14605
05-Oct-17,11,16046,14529
05-Oct-17,12,15950,14490
05-Oct-17,13,16129,14668
05-Oct-17,14,16264,14824
05-Oct-17,15,16499,15036
05-Oct-17,16,16877,15418
05-Oct-17,17,17244,15846
05-Oct-17,18,17310,16204
05-Oct-17,19,17976,16608
05-Oct-17,20,17513,16514
05-Oct-17,21,16948,15907
05-Oct-17,22,16305,14855
05-Oct-17,23,15140,13588
05-Oct-17,24,14290,12736
06-Oct-17,1,13812,12238
06-Oct-17,2,13653,11933
06-Oct-17,3,13661,11773
06-Oct-17,4,13714,11823
06-Oct-17,5,13928,12268
06-Oct-17,6,15056,13533
06-Oct-17,7,16460,14948
06-Oct-17,8,16887,15353
06-Oct-17,9,16962,15480
06-Oct-17,10,17054,15591
06-Oct-17,11,16832,15372
06-Oct-17,12,16784,15324
06-Oct-17,13,16846,15387
06-Oct-17,14,16820,15384
06-Oct-17,15,16871,15388
06-Oct-17,16,17045,15572
06-Oct-17,17,17010,15757
06-Oct-17,18,17062,15864
06-Oct-17,19,17526,16305
06-Oct-17,20,17390,16145
06-Oct-17,21,17292,15487
06-Oct-17,22,16599,14588
06-Oct-17,23,15550,13472
06-Oct-17,24,14515,12524
07-Oct-17,1,14169,12004
07-Oct-17,2,14076,11713
07-Oct-17,3,14157,11467
07-Oct-17,4,14236,11349
07-Oct-17,5,14212,11537
07-Oct-17,6,14223,12065
07-Oct-17,7,14957,12784
07-Oct-17,8,15645,13533
07-Oct-17,9,16493,14374
07-Oct-17,10,16910,14847
07-Oct-17,11,16945,14888
07-Oct-17,12,16695,14638
07-Oct-17,13,16531,14484
07-Oct-17,14,16490,14446
07-Oct-17,15,16520,14530
07-Oct-17,16,16741,14865
07-Oct-17,17,16968,15165
07-Oct-17,18,17159,15287
07-Oct-17,19,17182,15392
07-Oct-17,20,17288,15163
07-Oct-17,21,16805,14694
07-Oct-17,22,16096,13971
07-Oct-17,23,15186,13035
07-Oct-17,24,14839,12321
08-Oct-17,1,14639,11815
08-Oct-17,2,14399,11522
08-Oct-17,3,14168,11251
08-Oct-17,4,14189,11126
08-Oct-17,5,14287,11140
08-Oct-17,6,14020,11295
08-Oct-17,7,13766,11786
08-Oct-17,8,14364,12443
08-Oct-17,9,15009,13074
08-Oct-17,10,15679,13695
08-Oct-17,11,16004,14021
08-Oct-17,12,16098,14113
08-Oct-17,13,16157,14132
08-Oct-17,14,16225,14240
08-Oct-17,15,16419,14463
08-Oct-17,16,16761,14810
08-Oct-17,17,16788,15020
08-Oct-17,18,16588,14888
08-Oct-17,19,16605,14898
08-Oct-17,20,16627,14685
08-Oct-17,21,16114,14129
08-Oct-17,22,15446,13462
08-Oct-17,23,14701,12689
08-Oct-17,24,14008,11980
09-Oct-17,1,13565,11537
09-Oct-17,2,13241,11212
09-Oct-17,3,13072,11034
09-Oct-17,4,12895,10908
09-Oct-17,5,13263,11052
09-Oct-17,6,13195,11340
09-Oct-17,7,13686,11834
09-Oct-17,8,14259,12497
09-Oct-17,9,15053,13197
09-Oct-17,10,15660,13806
09-Oct-17,11,15997,14166
09-Oct-17,12,15797,14172
09-Oct-17,13,16209,14298
09-Oct-17,14,16134,14276
09-Oct-17,15,16056,14334
09-Oct-17,16,16525,14676
09-Oct-17,17,16899,15058
09-Oct-17,18,17202,15398
09-Oct-17,19,17319,15673
09-Oct-17,20,16717,15445
09-Oct-17,21,16152,14735
09-Oct-17,22,15533,13833
09-Oct-17,23,14772,12893
09-Oct-17,24,14064,12194
10-Oct-17,1,13591,11675
10-Oct-17,2,13296,11364
10-Oct-17,3,13169,11267
10-Oct-17,4,13244,11314
10-Oct-17,5,13736,11831
10-Oct-17,6,15154,13225
10-Oct-17,7,16380,14676
10-Oct-17,8,16784,14937
10-Oct-17,9,16778,15013
10-Oct-17,10,16571,14961
10-Oct-17,11,17048,15234
10-Oct-17,12,17011,15149
10-Oct-17,13,17181,15314
10-Oct-17,14,17080,15323
10-Oct-17,15,17236,15522
10-Oct-17,16,17535,15908
10-Oct-17,17,17725,16241
10-Oct-17,18,17829,16387
10-Oct-17,19,18253,16746
10-Oct-17,20,17691,16276
10-Oct-17,21,17137,15519
10-Oct-17,22,16083,14303
10-Oct-17,23,15032,13136
10-Oct-17,24,14063,12263
11-Oct-17,1,13641,11742
11-Oct-17,2,13352,11432
11-Oct-17,3,13587,11303
11-Oct-17,4,13660,11325
11-Oct-17,5,13672,11789
11-Oct-17,6,14957,13041
11-Oct-17,7,16421,14505
11-Oct-17,8,16771,14853
11-Oct-17,9,16950,15033
11-Oct-17,10,16993,15076
11-Oct-17,11,16922,15010
11-Oct-17,12,16958,15052
11-Oct-17,13,16964,15058
11-Oct-17,14,16895,14994
11-Oct-17,15,16919,15060
11-Oct-17,16,17265,15363
11-Oct-17,17,17630,15745
11-Oct-17,18,17731,15969
11-Oct-17,19,18024,16272
11-Oct-17,20,17835,16008
11-Oct-17,21,17081,15247
11-Oct-17,22,16062,14218
11-Oct-17,23,14905,13069
11-Oct-17,24,14077,12222
12-Oct-17,1,13777,11795
12-Oct-17,2,13875,11514
12-Oct-17,3,13733,11440
12-Oct-17,4,13757,11470
12-Oct-17,5,13940,12103
12-Oct-17,6,15294,13427
12-Oct-17,7,16754,14984
12-Oct-17,8,17187,15342
12-Oct-17,9,17134,15282
12-Oct-17,10,16949,15153
12-Oct-17,11,17001,15161
12-Oct-17,12,16732,14904
12-Oct-17,13,16684,14844
12-Oct-17,14,16549,14713
12-Oct-17,15,16681,14842
12-Oct-17,16,17111,15256
12-Oct-17,17,17524,15673
12-Oct-17,18,17945,16135
12-Oct-17,19,18267,16454
12-Oct-17,20,17905,16095
12-Oct-17,21,17143,15356
12-Oct-17,22,16129,14391
12-Oct-17,23,15092,13299
12-Oct-17,24,14579,12617
13-Oct-17,1,14077,12111
13-Oct-17,2,13821,11808
13-Oct-17,3,13917,11739
13-Oct-17,4,13895,11756
13-Oct-17,5,14022,12246
13-Oct-17,6,15241,13553
13-Oct-17,7,16878,15082
13-Oct-17,8,17272,15488
13-Oct-17,9,17084,15569
13-Oct-17,10,17343,15612
13-Oct-17,11,16911,15620
13-Oct-17,12,16633,15425
13-Oct-17,13,17087,15462
13-Oct-17,14,16872,15401
13-Oct-17,15,17171,15378
13-Oct-17,16,17494,15518
13-Oct-17,17,17486,15656
13-Oct-17,18,17742,15997
13-Oct-17,19,17989,16249
13-Oct-17,20,17512,15902
13-Oct-17,21,16904,15236
13-Oct-17,22,16006,14355
13-Oct-17,23,15374,13293
13-Oct-17,24,14480,12429
14-Oct-17,1,13957,11856
14-Oct-17,2,13606,11512
14-Oct-17,3,13466,11369
14-Oct-17,4,13335,11312
14-Oct-17,5,13507,11523
14-Oct-17,6,14028,12065
14-Oct-17,7,14551,12817
14-Oct-17,8,15488,13682
14-Oct-17,9,16428,14365
14-Oct-17,10,16440,14606
14-Oct-17,11,16593,14721
14-Oct-17,12,16327,14615
14-Oct-17,13,16042,14436
14-Oct-17,14,16133,14253
14-Oct-17,15,16555,14333
14-Oct-17,16,16858,14692
14-Oct-17,17,16713,15090
14-Oct-17,18,16749,15467
14-Oct-17,19,16539,15180
14-Oct-17,20,16425,14825
14-Oct-17,21,16335,14205
14-Oct-17,22,15735,13513
14-Oct-17,23,14580,12487
14-Oct-17,24,14019,11941
15-Oct-17,1,13821,11525
15-Oct-17,2,13683,11129
15-Oct-17,3,13461,10883
15-Oct-17,4,13373,10805
15-Oct-17,5,13396,10805
15-Oct-17,6,13741,11160
15-Oct-17,7,14241,11713
15-Oct-17,8,14777,12415
15-Oct-17,9,15438,13131
15-Oct-17,10,15915,13619
15-Oct-17,11,16307,14073
15-Oct-17,12,16566,14314
15-Oct-17,13,16526,14227
15-Oct-17,14,16765,14487
15-Oct-17,15,16623,14430
15-Oct-17,16,16339,14274
15-Oct-17,17,16608,14547
15-Oct-17,18,16761,14782
15-Oct-17,19,17160,14986
15-Oct-17,20,16855,14618
15-Oct-17,21,16177,13980
15-Oct-17,22,15324,13273
15-Oct-17,23,14640,12351
15-Oct-17,24,13889,11686
16-Oct-17,1,13908,11466
16-Oct-17,2,13620,11269
16-Oct-17,3,13573,11288
16-Oct-17,4,13789,11445
16-Oct-17,5,13666,12047
16-Oct-17,6,14885,13420
16-Oct-17,7,16386,15053
16-Oct-17,8,16516,15170
16-Oct-17,9,16477,15101
16-Oct-17,10,16296,14960
16-Oct-17,11,16061,14731
16-Oct-17,12,16034,14561
16-Oct-17,13,16036,14551
16-Oct-17,14,15866,14459
16-Oct-17,15,15886,14520
16-Oct-17,16,16403,14991
16-Oct-17,17,17071,15652
16-Oct-17,18,17634,16284
16-Oct-17,19,17800,16838
16-Oct-17,20,17192,16437
16-Oct-17,21,17081,15802
16-Oct-17,22,16000,14607
16-Oct-17,23,14877,13503
16-Oct-17,24,14088,12614
17-Oct-17,1,13830,12117
17-Oct-17,2,13812,11875
17-Oct-17,3,13657,11741
17-Oct-17,4,13698,11810
17-Oct-17,5,13805,12353
17-Oct-17,6,15172,13791
17-Oct-17,7,16493,15137
17-Oct-17,8,16357,15024
17-Oct-17,9,16229,14867
17-Oct-17,10,15934,14585
17-Oct-17,11,15382,14019
17-Oct-17,12,15127,13698
17-Oct-17,13,15961,14110
17-Oct-17,14,15805,13955
17-Oct-17,15,15398,13824
17-Oct-17,16,15737,14354
17-Oct-17,17,16286,14975
17-Oct-17,18,17179,15823
17-Oct-17,19,17675,16318
17-Oct-17,20,17371,16023
17-Oct-17,21,16601,15263
17-Oct-17,22,15530,14149
17-Oct-17,23,14475,13009
17-Oct-17,24,14147,12282
18-Oct-17,1,13790,11848
18-Oct-17,2,13351,11553
18-Oct-17,3,13276,11465
18-Oct-17,4,13443,11526
18-Oct-17,5,13967,12054
18-Oct-17,6,14778,13446
18-Oct-17,7,16123,14827
18-Oct-17,8,16201,14776
18-Oct-17,9,15822,14374
18-Oct-17,10,15497,14115
18-Oct-17,11,15336,13897
18-Oct-17,12,15183,13831
18-Oct-17,13,15216,13810
18-Oct-17,14,15166,13801
18-Oct-17,15,15457,13951
18-Oct-17,16,15851,14493
18-Oct-17,17,16763,15391
18-Oct-17,18,17235,15840
18-Oct-17,19,17856,16331
18-Oct-17,20,17407,16000
18-Oct-17,21,16621,15276
18-Oct-17,22,15627,14174
18-Oct-17,23,14831,12981
18-Oct-17,24,14062,12164
19-Oct-17,1,13516,11591
19-Oct-17,2,13036,11119
19-Oct-17,3,13070,10941
19-Oct-17,4,13106,10984
19-Oct-17,5,13789,11662
19-Oct-17,6,14834,13069
19-Oct-17,7,16225,14546
19-Oct-17,8,16043,14468
19-Oct-17,9,16052,14342
19-Oct-17,10,15803,14143
19-Oct-17,11,15821,14195
19-Oct-17,12,15647,14076
19-Oct-17,13,15758,14194
19-Oct-17,14,15887,14317
19-Oct-17,15,15815,14251
19-Oct-17,16,16324,14758
19-Oct-17,17,16807,15281
19-Oct-17,18,17294,15779
19-Oct-17,19,17855,16282
19-Oct-17,20,17287,15808
19-Oct-17,21,16301,14971
19-Oct-17,22,15519,14047
19-Oct-17,23,14758,12867
19-Oct-17,24,14193,12039
20-Oct-17,1,13550,11406
20-Oct-17,2,13484,11293
20-Oct-17,3,13381,11202
20-Oct-17,4,13450,11268
20-Oct-17,5,13972,11836
20-Oct-17,6,14977,13319
20-Oct-17,7,16616,14951
20-Oct-17,8,16546,14994
20-Oct-17,9,15955,14374
20-Oct-17,10,15619,14051
20-Oct-17,11,15542,13984
20-Oct-17,12,15502,13963
20-Oct-17,13,15562,13980
20-Oct-17,14,15615,14023
20-Oct-17,15,15579,14057
20-Oct-17,16,15889,14358
20-Oct-17,17,16671,15096
20-Oct-17,18,17058,15481
20-Oct-17,19,17703,15780
20-Oct-17,20,16953,15213
20-Oct-17,21,16346,14612
20-Oct-17,22,15660,13614
20-Oct-17,23,14538,12547
20-Oct-17,24,14181,11706
21-Oct-17,1,13777,11218
21-Oct-17,2,13705,10958
21-Oct-17,3,13678,10969
21-Oct-17,4,13482,10904
21-Oct-17,5,13688,11108
21-Oct-17,6,14230,11651
21-Oct-17,7,14880,12422
21-Oct-17,8,15156,13076
21-Oct-17,9,15442,13371
21-Oct-17,10,15484,13529
21-Oct-17,11,15504,13546
21-Oct-17,12,15629,13534
21-Oct-17,13,15589,13463
21-Oct-17,14,15462,13381
21-Oct-17,15,15576,13533
21-Oct-17,16,15923,13903
21-Oct-17,17,16270,14366
21-Oct-17,18,16553,14683
21-Oct-17,19,16832,14843
21-Oct-17,20,16118,14094
21-Oct-17,21,15634,13683
21-Oct-17,22,14990,13018
21-Oct-17,23,14346,12012
21-Oct-17,24,13844,11338
22-Oct-17,1,13649,10970
22-Oct-17,2,13414,10706
22-Oct-17,3,13395,10554
22-Oct-17,4,13331,10534
22-Oct-17,5,13493,10640
22-Oct-17,6,13706,11007
22-Oct-17,7,14139,11546
22-Oct-17,8,14384,11994
22-Oct-17,9,14389,12338
22-Oct-17,10,14487,12525
22-Oct-17,11,14915,12688
22-Oct-17,12,14976,12752
22-Oct-17,13,14757,12751
22-Oct-17,14,14808,12730
22-Oct-17,15,15023,13073
22-Oct-17,16,15752,13781
22-Oct-17,17,16291,14409
22-Oct-17,18,17092,15049
22-Oct-17,19,17065,15229
22-Oct-17,20,16809,14764
22-Oct-17,21,15948,13944
22-Oct-17,22,15251,12987
22-Oct-17,23,14222,12153
22-Oct-17,24,14013,11457
23-Oct-17,1,13769,11209
23-Oct-17,2,13679,11003
23-Oct-17,3,13603,10920
23-Oct-17,4,13567,11054
23-Oct-17,5,13744,11639
23-Oct-17,6,15065,13061
23-Oct-17,7,16731,14643
23-Oct-17,8,16294,14910
23-Oct-17,9,16230,14992
23-Oct-17,10,16506,15052
23-Oct-17,11,16529,15089
23-Oct-17,12,16476,15020
23-Oct-17,13,16683,15210
23-Oct-17,14,16798,15334
23-Oct-17,15,16943,15435
23-Oct-17,16,17276,15783
23-Oct-17,17,17945,16142
23-Oct-17,18,18407,16424
23-Oct-17,19,18875,16528
23-Oct-17,20,18391,16077
23-Oct-17,21,17557,15174
23-Oct-17,22,16286,13935
23-Oct-17,23,15004,12899
23-Oct-17,24,14686,11983
24-Oct-17,1,14418,11554
24-Oct-17,2,14083,11221
24-Oct-17,3,13876,11055
24-Oct-17,4,14025,11252
24-Oct-17,5,14095,11765
24-Oct-17,6,14645,13000
24-Oct-17,7,16202,14606
24-Oct-17,8,16526,14883
24-Oct-17,9,15960,14547
24-Oct-17,10,16025,14635
24-Oct-17,11,15813,14399
24-Oct-17,12,15646,14200
24-Oct-17,13,15814,14400
24-Oct-17,14,15970,14539
24-Oct-17,15,15963,14698
24-Oct-17,16,16270,15003
24-Oct-17,17,16968,15462
24-Oct-17,18,17438,15922
24-Oct-17,19,17691,16127
24-Oct-17,20,17394,15755
24-Oct-17,21,16527,15010
24-Oct-17,22,15402,13830
24-Oct-17,23,14785,12759
24-Oct-17,24,14146,11955
25-Oct-17,1,13931,11582
25-Oct-17,2,13731,11360
25-Oct-17,3,13603,11232
25-Oct-17,4,13557,11324
25-Oct-17,5,13801,11858
25-Oct-17,6,14631,13149
25-Oct-17,7,16496,14988
25-Oct-17,8,16807,15301
25-Oct-17,9,16532,15046
25-Oct-17,10,16212,14817
25-Oct-17,11,15858,14469
25-Oct-17,12,15877,14439
25-Oct-17,13,15892,14438
25-Oct-17,14,15979,14534
25-Oct-17,15,16261,14861
25-Oct-17,16,16831,15368
25-Oct-17,17,17310,15854
25-Oct-17,18,17846,16369
25-Oct-17,19,18001,16642
25-Oct-17,20,17915,16385
25-Oct-17,21,17047,15599
25-Oct-17,22,16173,14499
25-Oct-17,23,15479,13476
25-Oct-17,24,14761,12729
26-Oct-17,1,14389,12264
26-Oct-17,2,14257,12001
26-Oct-17,3,14168,11941
26-Oct-17,4,14198,11922
26-Oct-17,5,14713,12593
26-Oct-17,6,16015,13978
26-Oct-17,7,17262,15588
26-Oct-17,8,17079,15627
26-Oct-17,9,16865,15320
26-Oct-17,10,16768,15060
26-Oct-17,11,16670,14596
26-Oct-17,12,16385,14481
26-Oct-17,13,16442,14552
26-Oct-17,14,16607,14707
26-Oct-17,15,16839,14939
26-Oct-17,16,17323,15413
26-Oct-17,17,17806,15857
26-Oct-17,18,18379,16441
26-Oct-17,19,18636,16821
26-Oct-17,20,18335,16430
26-Oct-17,21,17451,15762
26-Oct-17,22,16525,14756
26-Oct-17,23,15562,13578
26-Oct-17,24,14834,12781
27-Oct-17,1,14521,12294
27-Oct-17,2,14244,11993
27-Oct-17,3,14167,11913
27-Oct-17,4,14124,11942
27-Oct-17,5,14532,12473
27-Oct-17,6,15949,13862
27-Oct-17,7,17146,15273
27-Oct-17,8,17471,15519
27-Oct-17,9,17172,15235
27-Oct-17,10,17476,15103
27-Oct-17,11,17184,14889
27-Oct-17,12,16990,14614
27-Oct-17,13,16922,14451
27-Oct-17,14,16610,14202
27-Oct-17,15,16970,14505
27-Oct-17,16,17515,15074
27-Oct-17,17,17873,15600
27-Oct-17,18,17962,16154
27-Oct-17,19,17778,16143
27-Oct-17,20,17469,15837
27-Oct-17,21,17080,15281
27-Oct-17,22,16673,14396
27-Oct-17,23,15430,13261
27-Oct-17,24,14578,12416
28-Oct-17,1,14007,11868
28-Oct-17,2,13779,11616
28-Oct-17,3,13544,11423
28-Oct-17,4,13424,11356
28-Oct-17,5,13790,11553
28-Oct-17,6,14317,12063
28-Oct-17,7,15057,12918
28-Oct-17,8,16050,13698
28-Oct-17,9,16663,14197
28-Oct-17,10,16771,14435
28-Oct-17,11,16564,14464
28-Oct-17,12,16226,14467
28-Oct-17,13,16094,14381
28-Oct-17,14,16000,14421
28-Oct-17,15,16226,14537
28-Oct-17,16,16691,14781
28-Oct-17,17,16920,15059
28-Oct-17,18,17013,15386
28-Oct-17,19,16650,15196
28-Oct-17,20,16395,14778
28-Oct-17,21,16305,14347
28-Oct-17,22,15985,13628
28-Oct-17,23,14928,12819
28-Oct-17,24,14134,12168
29-Oct-17,1,14044,11815
29-Oct-17,2,13781,11535
29-Oct-17,3,13449,11345
29-Oct-17,4,13355,11290
29-Oct-17,5,13525,11419
29-Oct-17,6,13993,11818
29-Oct-17,7,14567,12428
29-Oct-17,8,15448,13273
29-Oct-17,9,16159,13917
29-Oct-17,10,16504,14284
29-Oct-17,11,16618,14399
29-Oct-17,12,16861,14470
29-Oct-17,13,16897,14431
29-Oct-17,14,16809,14403
29-Oct-17,15,16962,14492
29-Oct-17,16,17252,14854
29-Oct-17,17,17721,15331
29-Oct-17,18,18133,15867
29-Oct-17,19,17508,15844
29-Oct-17,20,16970,15327
29-Oct-17,21,16435,14731
29-Oct-17,22,15697,13808
29-Oct-17,23,14912,12737
29-Oct-17,24,14288,12107
30-Oct-17,1,13907,11759
30-Oct-17,2,13453,11428
30-Oct-17,3,13411,11303
30-Oct-17,4,13331,11495
30-Oct-17,5,14228,12204
30-Oct-17,6,15761,13641
30-Oct-17,7,17258,15256
30-Oct-17,8,17260,15598
30-Oct-17,9,17686,15506
30-Oct-17,10,17621,15505
30-Oct-17,11,17259,15370
30-Oct-17,12,17250,15364
30-Oct-17,13,17271,15391
30-Oct-17,14,17327,15394
30-Oct-17,15,17441,15527
30-Oct-17,16,17865,15989
30-Oct-17,17,18462,16540
30-Oct-17,18,18879,17000
30-Oct-17,19,18606,16975
30-Oct-17,20,18307,16565
30-Oct-17,21,17697,15807
30-Oct-17,22,16779,14912
30-Oct-17,23,15716,13783
30-Oct-17,24,14772,12901
31-Oct-17,1,14234,12405
31-Oct-17,2,13973,12093
31-Oct-17,3,13927,11984
31-Oct-17,4,13946,11989
31-Oct-17,5,14350,12566
31-Oct-17,6,15918,13993
31-Oct-17,7,17498,15578
31-Oct-17,8,17507,15858
31-Oct-17,9,16927,15202
31-Oct-17,10,16791,14973
31-Oct-17,11,16637,14906
31-Oct-17,12,16808,14958
31-Oct-17,13,16951,15015
31-Oct-17,14,16856,15077
31-Oct-17,15,17409,15473
31-Oct-17,16,17923,16068
31-Oct-17,17,17945,16416
31-Oct-17,18,17504,16751
31-Oct-17,19,17270,16640
31-Oct-17,20,17083,16250
31-Oct-17,21,16724,15953
31-Oct-17,22,16080,14963
31-Oct-17,23,15649,13949
31-Oct-17,24,15165,13260
01-Nov-17,1,14843,12792
01-Nov-17,2,14652,12575
01-Nov-17,3,14445,12384
01-Nov-17,4,14659,12586
01-Nov-17,5,15120,13059
01-Nov-17,6,16065,14354
01-Nov-17,7,17304,15786
01-Nov-17,8,17374,16298
01-Nov-17,9,17448,16210
01-Nov-17,10,17686,16231
01-Nov-17,11,17571,16156
01-Nov-17,12,17451,16078
01-Nov-17,13,17169,15990
01-Nov-17,14,17623,16205
01-Nov-17,15,17907,16441
01-Nov-17,16,17761,16979
01-Nov-17,17,18214,17332
01-Nov-17,18,18146,17545
01-Nov-17,19,17937,17409
01-Nov-17,20,17870,17045
01-Nov-17,21,17537,16390
01-Nov-17,22,16496,15140
01-Nov-17,23,16024,14028
01-Nov-17,24,15189,13196
02-Nov-17,1,14729,12690
02-Nov-17,2,14380,12336
02-Nov-17,3,14250,12149
02-Nov-17,4,14340,12255
02-Nov-17,5,14970,12968
02-Nov-17,6,16063,14083
02-Nov-17,7,17437,15706
02-Nov-17,8,17622,16166
02-Nov-17,9,17916,16154
02-Nov-17,10,17718,16179
02-Nov-17,11,17683,16163
02-Nov-17,12,17716,16139
02-Nov-17,13,18004,16118
02-Nov-17,14,17726,16003
02-Nov-17,15,17847,16199
02-Nov-17,16,18200,16371
02-Nov-17,17,18368,16626
02-Nov-17,18,18522,16735
02-Nov-17,19,18350,16661
02-Nov-17,20,18069,16486
02-Nov-17,21,17575,15794
02-Nov-17,22,16599,14744
02-Nov-17,23,15550,13547
02-Nov-17,24,14687,12785
03-Nov-17,1,14662,12468
03-Nov-17,2,14012,12077
03-Nov-17,3,13999,11979
03-Nov-17,4,13871,11972
03-Nov-17,5,14593,12546
03-Nov-17,6,15958,13844
03-Nov-17,7,17491,15300
03-Nov-17,8,17560,15712
03-Nov-17,9,17387,15418
03-Nov-17,10,17103,14992
03-Nov-17,11,17024,14846
03-Nov-17,12,16930,14608
03-Nov-17,13,16816,14559
03-Nov-17,14,16463,14153
03-Nov-17,15,16470,14220
03-Nov-17,16,17011,14705
03-Nov-17,17,17546,15474
03-Nov-17,18,18162,16124
03-Nov-17,19,18020,16450
03-Nov-17,20,17596,16182
03-Nov-17,21,17127,15655
03-Nov-17,22,16441,14703
03-Nov-17,23,15717,13738
03-Nov-17,24,15049,12934
04-Nov-17,1,14343,12414
04-Nov-17,2,14295,12126
04-Nov-17,3,14213,12036
04-Nov-17,4,14255,12053
04-Nov-17,5,14544,12313
04-Nov-17,6,14980,12911
04-Nov-17,7,15477,13536
04-Nov-17,8,16109,14262
04-Nov-17,9,16669,14772
04-Nov-17,10,16860,14875
04-Nov-17,11,16854,14781
04-Nov-17,12,16776,14708
04-Nov-17,13,16623,14562
04-Nov-17,14,16464,14453
04-Nov-17,15,16317,14368
04-Nov-17,16,16590,14761
04-Nov-17,17,17349,15432
04-Nov-17,18,17698,15751
04-Nov-17,19,17386,15378
04-Nov-17,20,16794,14858
04-Nov-17,21,16498,14554
04-Nov-17,22,15664,13936
04-Nov-17,23,14817,13201
04-Nov-17,24,14219,12479
05-Nov-17,1,13552,11739
05-Nov-17,2,13271,11550
05-Nov-17,3,13176,11319
05-Nov-17,4,13013,11199
05-Nov-17,5,13395,11424
05-Nov-17,6,13523,11627
05-Nov-17,7,13874,12082
05-Nov-17,8,14669,12762
05-Nov-17,9,15406,13671
05-Nov-17,10,16090,14271
05-Nov-17,11,16531,14596
05-Nov-17,12,16775,14837
05-Nov-17,13,16911,14966
05-Nov-17,14,16695,14791
05-Nov-17,15,16709,14715
05-Nov-17,16,16924,14956
05-Nov-17,17,17402,15764
05-Nov-17,18,18121,16246
05-Nov-17,19,17846,15941
05-Nov-17,20,17603,15514
05-Nov-17,21,17182,14989
05-Nov-17,22,16628,14253
05-Nov-17,23,15318,13124
05-Nov-17,24,14447,12293
06-Nov-17,1,13868,11727
06-Nov-17,2,13695,11485
06-Nov-17,3,13616,11387
06-Nov-17,4,13425,11205
06-Nov-17,5,13706,11382
06-Nov-17,6,13924,12031
06-Nov-17,7,15615,13751
06-Nov-17,8,17193,15337
06-Nov-17,9,17423,15514
06-Nov-17,10,17595,15604
06-Nov-17,11,17492,15582
06-Nov-17,12,17388,15346
06-Nov-17,13,17166,15154
06-Nov-17,14,17384,15381
06-Nov-17,15,17608,15560
06-Nov-17,16,17784,15921
06-Nov-17,17,18678,16779
06-Nov-17,18,19479,17655
06-Nov-17,19,19557,17590
06-Nov-17,20,19130,17274
06-Nov-17,21,18441,16849
06-Nov-17,22,17794,16035
06-Nov-17,23,16812,14924
06-Nov-17,24,15728,13879
07-Nov-17,1,15069,13204
07-Nov-17,2,14674,12829
07-Nov-17,3,14572,12597
07-Nov-17,4,14494,12500
07-Nov-17,5,14656,12693
07-Nov-17,6,15380,13414
07-Nov-17,7,16522,14817
07-Nov-17,8,17536,15934
07-Nov-17,9,17580,15943
07-Nov-17,10,17475,15706
07-Nov-17,11,17275,15333
07-Nov-17,12,17043,15080
07-Nov-17,13,16872,14897
07-Nov-17,14,16978,15053
07-Nov-17,15,17302,15246
07-Nov-17,16,17741,15816
07-Nov-17,17,18543,16699
07-Nov-17,18,19574,17683
07-Nov-17,19,19446,17546
07-Nov-17,20,19143,17340
07-Nov-17,21,18745,16950
07-Nov-17,22,18117,16209
07-Nov-17,23,16943,15076
07-Nov-17,24,15866,14032
08-Nov-17,1,15039,13373
08-Nov-17,2,14568,12937
08-Nov-17,3,14775,12770
08-Nov-17,4,14654,12688
08-Nov-17,5,14779,12848
08-Nov-17,6,15495,13507
08-Nov-17,7,16790,14800
08-Nov-17,8,17937,15989
08-Nov-17,9,17960,16043
08-Nov-17,10,17522,15587
08-Nov-17,11,17179,15182
08-Nov-17,12,17039,15053
08-Nov-17,13,17181,15070
08-Nov-17,14,17032,14939
08-Nov-17,15,17181,15014
08-Nov-17,16,17552,15433
08-Nov-17,17,18571,16471
08-Nov-17,18,19603,17541
08-Nov-17,19,19577,17465
08-Nov-17,20,19420,17274
08-Nov-17,21,18928,16848
08-Nov-17,22,18263,16109
08-Nov-17,23,17225,15114
08-Nov-17,24,16169,13997
09-Nov-17,1,15681,13405
09-Nov-17,2,15350,13043
09-Nov-17,3,15077,12790
09-Nov-17,4,15049,12756
09-Nov-17,5,15192,12871
09-Nov-17,6,15866,13538
09-Nov-17,7,17245,14873
09-Nov-17,8,18157,15992
09-Nov-17,9,18253,16020
09-Nov-17,10,18246,15992
09-Nov-17,11,18024,15733
09-Nov-17,12,17908,15617
09-Nov-17,13,17923,15620
09-Nov-17,14,18034,15747
09-Nov-17,15,18131,15815
09-Nov-17,16,18465,16167
09-Nov-17,17,19442,17280
09-Nov-17,18,19444,17798
09-Nov-17,19,19769,17467
09-Nov-17,20,20009,17381
09-Nov-17,21,19689,17099
09-Nov-17,22,19241,16571
09-Nov-17,23,17888,15513
09-Nov-17,24,17025,14434
10-Nov-17,1,16418,13817
10-Nov-17,2,15839,13600
10-Nov-17,3,15756,13471
10-Nov-17,4,15586,13506
10-Nov-17,5,15836,13655
10-Nov-17,6,16508,14272
10-Nov-17,7,17715,15628
10-Nov-17,8,18669,16880
10-Nov-17,9,18805,16832
10-Nov-17,10,19014,16675
10-Nov-17,11,18953,16441
10-Nov-17,12,18859,16294
10-Nov-17,13,18886,16281
10-Nov-17,14,18974,16141
10-Nov-17,15,18940,16234
10-Nov-17,16,19195,16561
10-Nov-17,17,19614,17482
10-Nov-17,18,20382,18565
10-Nov-17,19,19948,18490
10-Nov-17,20,19594,18281
10-Nov-17,21,19723,18048
10-Nov-17,22,19151,17484
10-Nov-17,23,18439,16502
10-Nov-17,24,17281,15412
11-Nov-17,1,16932,14722
11-Nov-17,2,16618,14286
11-Nov-17,3,16391,14031
11-Nov-17,4,16221,13872
11-Nov-17,5,16204,13834
11-Nov-17,6,16438,14152
11-Nov-17,7,17102,14833
11-Nov-17,8,17087,15291
11-Nov-17,9,17315,15515
11-Nov-17,10,17493,15512
11-Nov-17,11,17549,15466
11-Nov-17,12,17938,15531
11-Nov-17,13,17701,15521
11-Nov-17,14,17560,15276
11-Nov-17,15,17613,15335
11-Nov-17,16,17930,15773
11-Nov-17,17,18486,16681
11-Nov-17,18,19552,17619
11-Nov-17,19,19180,17346
11-Nov-17,20,18438,16767
11-Nov-17,21,18473,16542
11-Nov-17,22,17734,15903
11-Nov-17,23,17140,15082
11-Nov-17,24,16515,14301
12-Nov-17,1,16011,13704
12-Nov-17,2,15552,13247
12-Nov-17,3,15322,13085
12-Nov-17,4,14965,12926
12-Nov-17,5,15088,12901
12-Nov-17,6,15338,13041
12-Nov-17,7,15688,13398
12-Nov-17,8,15706,13970
12-Nov-17,9,16535,14630
12-Nov-17,10,16740,15076
12-Nov-17,11,17225,15287
12-Nov-17,12,17438,15373
12-Nov-17,13,17306,15381
12-Nov-17,14,17296,15167
12-Nov-17,15,17664,15345
12-Nov-17,16,17803,15844
12-Nov-17,17,18026,16787
12-Nov-17,18,19049,17617
12-Nov-17,19,18683,17127
12-Nov-17,20,18238,16660
12-Nov-17,21,17585,16131
12-Nov-17,22,17249,15657
12-Nov-17,23,16586,14732
12-Nov-17,24,16106,13917
13-Nov-17,1,15797,13508
13-Nov-17,2,15416,13165
13-Nov-17,3,15268,13022
13-Nov-17,4,15050,12955
13-Nov-17,5,15448,13151
13-Nov-17,6,15997,13737
13-Nov-17,7,16982,14967
13-Nov-17,8,17836,16346
13-Nov-17,9,18047,16683
13-Nov-17,10,18423,16848
13-Nov-17,11,18580,17028
13-Nov-17,12,18467,16966
13-Nov-17,13,18396,16899
13-Nov-17,14,18257,16839
13-Nov-17,15,18599,17017
13-Nov-17,16,18761,17229
13-Nov-17,17,19292,17889
13-Nov-17,18,20202,18696
13-Nov-17,19,19831,18179
13-Nov-17,20,19550,17786
13-Nov-17,21,19186,17424
13-Nov-17,22,18364,16617
13-Nov-17,23,16977,15451
13-Nov-17,24,16257,14422
14-Nov-17,1,15473,13743
14-Nov-17,2,15471,13386
14-Nov-17,3,15377,13121
14-Nov-17,4,15289,13070
14-Nov-17,5,15440,13287
14-Nov-17,6,15985,13896
14-Nov-17,7,16903,15184
14-Nov-17,8,17823,16367
14-Nov-17,9,18201,16639
14-Nov-17,10,18186,16536
14-Nov-17,11,18200,16426
14-Nov-17,12,17968,16326
14-Nov-17,13,18070,16166
14-Nov-17,14,18232,16178
14-Nov-17,15,18315,16306
14-Nov-17,16,18506,16616
14-Nov-17,17,18666,17397
14-Nov-17,18,19329,18181
14-Nov-17,19,19361,17988
14-Nov-17,20,19005,17636
14-Nov-17,21,18810,17242
14-Nov-17,22,18293,16463
14-Nov-17,23,17385,15339
14-Nov-17,24,16487,14265
15-Nov-17,1,15873,13569
15-Nov-17,2,15278,13068
15-Nov-17,3,15015,12785
15-Nov-17,4,14981,12700
15-Nov-17,5,15161,12907
15-Nov-17,6,15869,13573
15-Nov-17,7,17325,15040
15-Nov-17,8,18102,16117
15-Nov-17,9,18230,16126
15-Nov-17,10,17883,15793
15-Nov-17,11,17922,15753
15-Nov-17,12,18198,15807
15-Nov-17,13,18425,16165
15-Nov-17,14,18614,16484
15-Nov-17,15,18685,16568
15-Nov-17,16,18804,16756
15-Nov-17,17,19552,17383
15-Nov-17,18,20095,18028
15-Nov-17,19,19842,17717
15-Nov-17,20,19572,17418
15-Nov-17,21,19204,17042
15-Nov-17,22,18415,16307
15-Nov-17,23,17581,15134
15-Nov-17,24,16471,14003
16-Nov-17,1,15675,13228
16-Nov-17,2,15319,12866
16-Nov-17,3,15173,12670
16-Nov-17,4,14813,12479
16-Nov-17,5,14860,12549
16-Nov-17,6,15465,13145
16-Nov-17,7,16739,14455
16-Nov-17,8,17955,15779
16-Nov-17,9,18174,15972
16-Nov-17,10,18436,16149
16-Nov-17,11,18518,16154
16-Nov-17,12,18663,16204
16-Nov-17,13,18815,16237
16-Nov-17,14,18982,16367
16-Nov-17,15,19062,16435
16-Nov-17,16,19296,16737
16-Nov-17,17,19577,17360
16-Nov-17,18,20045,18061
16-Nov-17,19,19737,17791
16-Nov-17,20,19767,17758
16-Nov-17,21,19263,17499
16-Nov-17,22,18576,16839
16-Nov-17,23,17705,15875
16-Nov-17,24,16977,14837
17-Nov-17,1,16111,14050
17-Nov-17,2,15597,13586
17-Nov-17,3,15438,13383
17-Nov-17,4,15414,13354
17-Nov-17,5,15545,13492
17-Nov-17,6,16032,14161
17-Nov-17,7,17337,15490
17-Nov-17,8,18265,16486
17-Nov-17,9,18477,16767
17-Nov-17,10,18116,16408
17-Nov-17,11,17840,16144
17-Nov-17,12,17574,15736
17-Nov-17,13,17368,15654
17-Nov-17,14,17439,15613
17-Nov-17,15,17394,15677
17-Nov-17,16,18037,16230
17-Nov-17,17,18766,17186
17-Nov-17,18,19599,18026
17-Nov-17,19,19245,17618
17-Nov-17,20,18839,17214
17-Nov-17,21,18422,16790
17-Nov-17,22,17966,16150
17-Nov-17,23,17172,15269
17-Nov-17,24,16091,14171
18-Nov-17,1,15689,13419
18-Nov-17,2,15390,13008
18-Nov-17,3,15133,12691
18-Nov-17,4,15100,12648
18-Nov-17,5,15210,12716
18-Nov-17,6,15304,12890
18-Nov-17,7,15848,13386
18-Nov-17,8,16528,14061
18-Nov-17,9,17459,14987
18-Nov-17,10,18422,15885
18-Nov-17,11,18327,16007
18-Nov-17,12,18038,16029
18-Nov-17,13,17762,16196
18-Nov-17,14,17802,16190
18-Nov-17,15,17470,16134
18-Nov-17,16,17610,15906
18-Nov-17,17,17973,16492
18-Nov-17,18,18333,16929
18-Nov-17,19,18272,16428
18-Nov-17,20,17952,15932
18-Nov-17,21,17655,15427
18-Nov-17,22,17424,14976
18-Nov-17,23,16611,14158
18-Nov-17,24,15946,13444
19-Nov-17,1,15525,12879
19-Nov-17,2,15264,12490
19-Nov-17,3,15139,12252
19-Nov-17,4,14862,12055
19-Nov-17,5,14785,12107
19-Nov-17,6,15215,12302
19-Nov-17,7,15890,12707
19-Nov-17,8,15831,13224
19-Nov-17,9,16464,14002
19-Nov-17,10,17114,14559
19-Nov-17,11,17470,14881
19-Nov-17,12,17840,15183
19-Nov-17,13,17864,15247
19-Nov-17,14,17951,15299
19-Nov-17,15,17421,15258
19-Nov-17,16,17924,15717
19-Nov-17,17,18222,16549
19-Nov-17,18,19730,17724
19-Nov-17,19,19602,17549
19-Nov-17,20,19354,17139
19-Nov-17,21,19112,16727
19-Nov-17,22,18475,16062
19-Nov-17,23,17536,15182
19-Nov-17,24,16604,14372
20-Nov-17,1,15764,13738
20-Nov-17,2,15933,13323
20-Nov-17,3,15748,13184
20-Nov-17,4,15882,13205
20-Nov-17,5,15949,13329
20-Nov-17,6,16434,13970
20-Nov-17,7,17697,15334
20-Nov-17,8,18648,16772
20-Nov-17,9,18723,16920
20-Nov-17,10,18645,16910
20-Nov-17,11,18485,16832
20-Nov-17,12,18858,16775
20-Nov-17,13,18920,16668
20-Nov-17,14,18637,16392
20-Nov-17,15,18708,16492
20-Nov-17,16,18769,16672
20-Nov-17,17,19586,17495
20-Nov-17,18,20308,18350
20-Nov-17,19,20163,18197
20-Nov-17,20,19976,17778
20-Nov-17,21,19454,17393
20-Nov-17,22,18911,16663
20-Nov-17,23,17713,15428
20-Nov-17,24,16358,14142
21-Nov-17,1,15784,13336
21-Nov-17,2,15373,12830
21-Nov-17,3,15379,12582
21-Nov-17,4,15408,12454
21-Nov-17,5,15114,12598
21-Nov-17,6,15690,13309
21-Nov-17,7,17007,14705
21-Nov-17,8,18333,16024
21-Nov-17,9,18354,16038
21-Nov-17,10,18191,15798
21-Nov-17,11,18070,15579
21-Nov-17,12,17489,15101
21-Nov-17,13,17469,14981
21-Nov-17,14,17624,15130
21-Nov-17,15,17931,15576
21-Nov-17,16,18607,16129
21-Nov-17,17,19188,16807
21-Nov-17,18,20115,17806
21-Nov-17,19,19813,17597
21-Nov-17,20,19543,17382
21-Nov-17,21,19229,17054
21-Nov-17,22,18895,16609
21-Nov-17,23,17677,15517
21-Nov-17,24,16415,14104
22-Nov-17,1,16167,13597
22-Nov-17,2,15671,13236
22-Nov-17,3,15423,12944
22-Nov-17,4,15122,12603
22-Nov-17,5,15257,12722
22-Nov-17,6,15883,13517
22-Nov-17,7,17225,14838
22-Nov-17,8,18427,16388
22-Nov-17,9,18967,16822
22-Nov-17,10,18954,16815
22-Nov-17,11,18976,16762
22-Nov-17,12,18984,16721
22-Nov-17,13,19063,16792
22-Nov-17,14,19137,16802
22-Nov-17,15,19184,16807
22-Nov-17,16,19542,17213
22-Nov-17,17,20238,18072
22-Nov-17,18,21067,19092
22-Nov-17,19,20671,18881
22-Nov-17,20,20596,18606
22-Nov-17,21,20125,18265
22-Nov-17,22,19370,17586
22-Nov-17,23,18308,16480
22-Nov-17,24,17433,15212
23-Nov-17,1,16527,14274
23-Nov-17,2,16206,13827
23-Nov-17,3,15902,13628
23-Nov-17,4,15867,13551
23-Nov-17,5,15907,13630
23-Nov-17,6,16675,14330
23-Nov-17,7,17843,15604
23-Nov-17,8,19020,16937
23-Nov-17,9,19279,17164
23-Nov-17,10,19234,17121
23-Nov-17,11,18936,16959
23-Nov-17,12,18787,16881
23-Nov-17,13,19225,16923
23-Nov-17,14,18943,16753
23-Nov-17,15,19066,16880
23-Nov-17,16,19254,17147
23-Nov-17,17,19422,17710
23-Nov-17,18,20124,18502
23-Nov-17,19,19986,18226
23-Nov-17,20,20030,18063
23-Nov-17,21,19642,17686
23-Nov-17,22,18954,17037
23-Nov-17,23,17984,15951
23-Nov-17,24,16771,14719
24-Nov-17,1,16369,13947
24-Nov-17,2,15934,13473
24-Nov-17,3,15538,13175
24-Nov-17,4,15423,13041
24-Nov-17,5,15499,13092
24-Nov-17,6,15968,13630
24-Nov-17,7,17080,14841
24-Nov-17,8,17840,15995
24-Nov-17,9,18150,16122
24-Nov-17,10,17971,15749
24-Nov-17,11,17601,15215
24-Nov-17,12,17503,15178
24-Nov-17,13,17426,15093
24-Nov-17,14,17355,15024
24-Nov-17,15,17356,15160
24-Nov-17,16,17716,15473
24-Nov-17,17,18331,16160
24-Nov-17,18,19338,17069
24-Nov-17,19,19046,16651
24-Nov-17,20,18795,16465
24-Nov-17,21,18514,16253
24-Nov-17,22,17861,15570
24-Nov-17,23,16793,14477
24-Nov-17,24,16371,13646
25-Nov-17,1,15488,12770
25-Nov-17,2,14852,12137
25-Nov-17,3,14162,11910
25-Nov-17,4,13809,11687
25-Nov-17,5,13978,11739
25-Nov-17,6,14720,11992
25-Nov-17,7,15100,12623
25-Nov-17,8,15762,13526
25-Nov-17,9,16534,14352
25-Nov-17,10,17140,14968
25-Nov-17,11,17561,15165
25-Nov-17,12,17603,15279
25-Nov-17,13,17308,14971
25-Nov-17,14,17346,15013
25-Nov-17,15,17301,14990
25-Nov-17,16,17582,15246
25-Nov-17,17,18333,15992
25-Nov-17,18,18930,16641
25-Nov-17,19,18618,16258
25-Nov-17,20,18150,15800
25-Nov-17,21,17783,15487
25-Nov-17,22,17300,15001
25-Nov-17,23,16645,14293
25-Nov-17,24,15937,13453
26-Nov-17,1,15487,12905
26-Nov-17,2,14628,12567
26-Nov-17,3,14074,12319
26-Nov-17,4,13767,12222
26-Nov-17,5,14042,12261
26-Nov-17,6,14324,12562
26-Nov-17,7,15024,12955
26-Nov-17,8,15730,13649
26-Nov-17,9,16381,14301
26-Nov-17,10,16660,14821
26-Nov-17,11,16736,14897
26-Nov-17,12,16929,15065
26-Nov-17,13,16816,14972
26-Nov-17,14,16877,14985
26-Nov-17,15,17015,15098
26-Nov-17,16,17536,15497
26-Nov-17,17,18384,16301
26-Nov-17,18,19338,17380
26-Nov-17,19,19310,17309
26-Nov-17,20,18889,16889
26-Nov-17,21,18442,16409
26-Nov-17,22,17944,15856
26-Nov-17,23,17089,14940
26-Nov-17,24,16254,14019
27-Nov-17,1,15601,13429
27-Nov-17,2,15055,12926
27-Nov-17,3,14812,12697
27-Nov-17,4,14775,12583
27-Nov-17,5,15257,13079
27-Nov-17,6,15817,13826
27-Nov-17,7,17340,15243
27-Nov-17,8,18795,16801
27-Nov-17,9,18836,17022
27-Nov-17,10,18337,16667
27-Nov-17,11,17891,16287
27-Nov-17,12,17770,16151
27-Nov-17,13,17940,16160
27-Nov-17,14,17917,16227
27-Nov-17,15,17959,16336
27-Nov-17,16,18242,16780
27-Nov-17,17,19166,17907
27-Nov-17,18,20003,19115
27-Nov-17,19,20145,18815
27-Nov-17,20,19608,18390
27-Nov-17,21,19016,17933
27-Nov-17,22,18741,17190
27-Nov-17,23,18088,16290
27-Nov-17,24,17098,14897
28-Nov-17,1,16393,14077
28-Nov-17,2,15764,13430
28-Nov-17,3,15828,13294
28-Nov-17,4,15998,13190
28-Nov-17,5,16069,13268
28-Nov-17,6,16455,13836
28-Nov-17,7,17722,15301
28-Nov-17,8,18856,16435
28-Nov-17,9,18905,16437
28-Nov-17,10,18316,15781
28-Nov-17,11,17664,15183
28-Nov-17,12,17189,14782
28-Nov-17,13,17160,14717
28-Nov-17,14,17092,14677
28-Nov-17,15,16936,14806
28-Nov-17,16,17527,15343
28-Nov-17,17,18566,16429
28-Nov-17,18,19639,17510
28-Nov-17,19,19525,17314
28-Nov-17,20,19252,17110
28-Nov-17,21,18954,16763
28-Nov-17,22,18223,16006
28-Nov-17,23,17134,14920
28-Nov-17,24,15986,13743
29-Nov-17,1,15335,13035
29-Nov-17,2,14679,12563
29-Nov-17,3,14606,12375
29-Nov-17,4,14524,12334
29-Nov-17,5,14826,12501
29-Nov-17,6,15790,13142
29-Nov-17,7,16901,14564
29-Nov-17,8,18324,15981
29-Nov-17,9,18349,16187
29-Nov-17,10,18248,16090
29-Nov-17,11,18162,15956
29-Nov-17,12,17447,15499
29-Nov-17,13,17039,15364
29-Nov-17,14,17027,15384
29-Nov-17,15,17068,15409
29-Nov-17,16,17453,16018
29-Nov-17,17,18549,17108
29-Nov-17,18,19830,18329
29-Nov-17,19,19341,18088
29-Nov-17,20,19033,17745
29-Nov-17,21,18847,17589
29-Nov-17,22,18572,16957
29-Nov-17,23,17236,15774
29-Nov-17,24,16595,14543
30-Nov-17,1,15995,13760
30-Nov-17,2,15828,13348
30-Nov-17,3,15638,13078
30-Nov-17,4,15699,12962
30-Nov-17,5,15868,13041
30-Nov-17,6,16184,13623
30-Nov-17,7,17452,15120
30-Nov-17,8,18610,16477
30-Nov-17,9,18629,16495
30-Nov-17,10,18544,16215
30-Nov-17,11,18438,16376
30-Nov-17,12,18543,16487
30-Nov-17,13,18759,16692
30-Nov-17,14,18545,16672
30-Nov-17,15,18583,16790
30-Nov-17,16,18708,16912
30-Nov-17,17,19399,17585
30-Nov-17,18,19940,18101
30-Nov-17,19,19670,17804
30-Nov-17,20,19674,17684
30-Nov-17,21,19457,17329
30-Nov-17,22,18813,16690
30-Nov-17,23,17680,15543
30-Nov-17,24,16858,14558
01-Dec-17,1,16054,13665
01-Dec-17,2,15318,13084
01-Dec-17,3,14866,12768
01-Dec-17,4,14942,12746
01-Dec-17,5,15234,12875
01-Dec-17,6,15850,13550
01-Dec-17,7,17249,14875
01-Dec-17,8,18285,16407
01-Dec-17,9,18293,16624
01-Dec-17,10,18178,16582
01-Dec-17,11,18143,16354
01-Dec-17,12,17799,15928
01-Dec-17,13,17754,15820
01-Dec-17,14,17775,15820
01-Dec-17,15,17947,15966
01-Dec-17,16,18205,16308
01-Dec-17,17,18941,17131
01-Dec-17,18,19634,17781
01-Dec-17,19,19627,17587
01-Dec-17,20,19682,17391
01-Dec-17,21,19285,17080
01-Dec-17,22,18614,16504
01-Dec-17,23,17922,15526
01-Dec-17,24,16710,14349
02-Dec-17,1,16030,13465
02-Dec-17,2,15542,12887
02-Dec-17,3,15220,12595
02-Dec-17,4,15096,12493
02-Dec-17,5,15164,12526
02-Dec-17,6,15432,12790
02-Dec-17,7,15824,13437
02-Dec-17,8,16209,14319
02-Dec-17,9,16889,15055
02-Dec-17,10,17473,15581
02-Dec-17,11,17618,15756
02-Dec-17,12,17368,15514
02-Dec-17,13,17052,15124
02-Dec-17,14,16759,14813
02-Dec-17,15,16609,14697
02-Dec-17,16,16921,15002
02-Dec-17,17,17972,16086
02-Dec-17,18,18918,17048
02-Dec-17,19,18912,16535
02-Dec-17,20,18176,15952
02-Dec-17,21,17747,15548
02-Dec-17,22,17382,15136
02-Dec-17,23,16700,14357
02-Dec-17,24,16077,13505
03-Dec-17,1,15600,12880
03-Dec-17,2,15217,12509
03-Dec-17,3,14906,12236
03-Dec-17,4,14752,12093
03-Dec-17,5,14731,12151
03-Dec-17,6,15150,12491
03-Dec-17,7,15434,12984
03-Dec-17,8,16045,13633
03-Dec-17,9,16606,14136
03-Dec-17,10,16818,14357
03-Dec-17,11,16727,14357
03-Dec-17,12,16629,14318
03-Dec-17,13,16721,14227
03-Dec-17,14,16630,14227
03-Dec-17,15,16829,14372
03-Dec-17,16,17259,14960
03-Dec-17,17,18490,16309
03-Dec-17,18,19259,17377
03-Dec-17,19,19047,17064
03-Dec-17,20,18902,16790
03-Dec-17,21,18341,16448
03-Dec-17,22,18064,15870
03-Dec-17,23,17225,14973
03-Dec-17,24,16242,14002
04-Dec-17,1,15544,13363
04-Dec-17,2,15349,12780
04-Dec-17,3,15128,12529
04-Dec-17,4,15150,12491
04-Dec-17,5,15488,12812
04-Dec-17,6,16111,13597
04-Dec-17,7,17434,14893
04-Dec-17,8,18819,16496
04-Dec-17,9,18962,16639
04-Dec-17,10,19048,16580
04-Dec-17,11,19003,16426
04-Dec-17,12,18825,16336
04-Dec-17,13,18448,16113
04-Dec-17,14,18461,16021
04-Dec-17,15,18881,16379
04-Dec-17,16,19063,16554
04-Dec-17,17,19719,17426
04-Dec-17,18,20526,18306
04-Dec-17,19,20112,17918
04-Dec-17,20,19852,17604
04-Dec-17,21,19426,17194
04-Dec-17,22,18752,16381
04-Dec-17,23,17690,15213
04-Dec-17,24,16336,13978
05-Dec-17,1,15712,13148
05-Dec-17,2,15298,12732
05-Dec-17,3,15095,12493
05-Dec-17,4,14939,12374
05-Dec-17,5,14985,12489
05-Dec-17,6,15283,13036
05-Dec-17,7,16816,14376
05-Dec-17,8,18241,15836
05-Dec-17,9,18878,16419
05-Dec-17,10,18629,16439
05-Dec-17,11,18844,16497
05-Dec-17,12,18575,16476
05-Dec-17,13,18780,16267
05-Dec-17,14,18708,16226
05-Dec-17,15,18860,16402
05-Dec-17,16,19127,16685
05-Dec-17,17,19811,17483
05-Dec-17,18,20535,18170
05-Dec-17,19,20416,17946
05-Dec-17,20,20233,17785
05-Dec-17,21,19904,17430
05-Dec-17,22,19258,16803
05-Dec-17,23,18162,15721
05-Dec-17,24,16908,14412
06-Dec-17,1,16457,13778
06-Dec-17,2,15760,13347
06-Dec-17,3,15483,13107
06-Dec-17,4,15541,13050
06-Dec-17,5,15722,13285
06-Dec-17,6,16249,13869
06-Dec-17,7,17444,15154
06-Dec-17,8,19002,16693
06-Dec-17,9,19066,16693
06-Dec-17,10,18352,16054
06-Dec-17,11,18069,15743
06-Dec-17,12,17974,15682
06-Dec-17,13,17731,15697
06-Dec-17,14,17822,15799
06-Dec-17,15,18263,16265
06-Dec-17,16,19016,16895
06-Dec-17,17,20137,17937
06-Dec-17,18,21069,18780
06-Dec-17,19,20991,18669
06-Dec-17,20,21200,18631
06-Dec-17,21,20541,18215
06-Dec-17,22,19650,17215
06-Dec-17,23,18447,16066
06-Dec-17,24,17323,14975
07-Dec-17,1,16733,14234
07-Dec-17,2,16057,13688
07-Dec-17,3,15976,13619
07-Dec-17,4,15887,13499
07-Dec-17,5,15809,13540
07-Dec-17,6,16435,14212
07-Dec-17,7,18029,15806
07-Dec-17,8,19967,17315
07-Dec-17,9,19903,17484
07-Dec-17,10,19455,17278
07-Dec-17,11,19310,17268
07-Dec-17,12,19476,17065
07-Dec-17,13,19428,16737
07-Dec-17,14,19674,16902
07-Dec-17,15,19198,16830
07-Dec-17,16,19253,17028
07-Dec-17,17,20455,18262
07-Dec-17,18,21149,19094
07-Dec-17,19,20636,18788
07-Dec-17,20,21162,18756
07-Dec-17,21,20657,18259
07-Dec-17,22,20065,17708
07-Dec-17,23,18877,16508
07-Dec-17,24,17725,15274
08-Dec-17,1,17195,14502
08-Dec-17,2,16734,14096
08-Dec-17,3,16571,13896
08-Dec-17,4,16362,13785
08-Dec-17,5,16308,13786
08-Dec-17,6,16568,14507
08-Dec-17,7,18057,15888
08-Dec-17,8,19491,17313
08-Dec-17,9,19661,17509
08-Dec-17,10,19437,17252
08-Dec-17,11,19034,16843
08-Dec-17,12,18846,16721
08-Dec-17,13,18688,16578
08-Dec-17,14,18771,16634
08-Dec-17,15,19044,16865
08-Dec-17,16,19445,17226
08-Dec-17,17,20366,18188
08-Dec-17,18,21164,18988
08-Dec-17,19,21401,18635
08-Dec-17,20,20850,18511
08-Dec-17,21,20861,18292
08-Dec-17,22,20233,17577
08-Dec-17,23,18997,16545
08-Dec-17,24,17830,15391
09-Dec-17,1,17035,14567
09-Dec-17,2,16532,14045
09-Dec-17,3,16145,13617
09-Dec-17,4,15950,13422
09-Dec-17,5,16150,13561
09-Dec-17,6,16430,13795
09-Dec-17,7,16836,14399
09-Dec-17,8,17868,15206
09-Dec-17,9,18717,16000
09-Dec-17,10,19291,16581
09-Dec-17,11,19397,16770
09-Dec-17,12,19494,16759
09-Dec-17,13,19394,16664
09-Dec-17,14,19137,16385
09-Dec-17,15,19142,16372
09-Dec-17,16,19223,16585
09-Dec-17,17,19897,17414
09-Dec-17,18,20553,18234
09-Dec-17,19,20326,17912
09-Dec-17,20,19939,17482
09-Dec-17,21,19604,17040
09-Dec-17,22,19062,16455
09-Dec-17,23,17992,15739
09-Dec-17,24,17234,14775
10-Dec-17,1,16619,14081
10-Dec-17,2,16169,13581
10-Dec-17,3,16170,13283
10-Dec-17,4,15980,13136
10-Dec-17,5,15962,13102
10-Dec-17,6,16078,13337
10-Dec-17,7,16145,13779
10-Dec-17,8,17001,14418
10-Dec-17,9,17758,15162
10-Dec-17,10,18453,15795
10-Dec-17,11,18772,16039
10-Dec-17,12,18872,16187
10-Dec-17,13,18948,16276
10-Dec-17,14,18978,16318
10-Dec-17,15,19210,16497
10-Dec-17,16,19602,16908
10-Dec-17,17,20466,17925
10-Dec-17,18,21088,18735
10-Dec-17,19,20907,18448
10-Dec-17,20,20613,18148
10-Dec-17,21,20263,17768
10-Dec-17,22,19636,17185
10-Dec-17,23,18692,16302
10-Dec-17,24,17982,15297
11-Dec-17,1,17425,14631
11-Dec-17,2,17036,14259
11-Dec-17,3,16719,14141
11-Dec-17,4,16621,14141
11-Dec-17,5,16843,14354
11-Dec-17,6,17477,15004
11-Dec-17,7,18372,16490
11-Dec-17,8,19718,18069
11-Dec-17,9,19835,18225
11-Dec-17,10,19943,18127
11-Dec-17,11,20022,18189
11-Dec-17,12,19960,18176
11-Dec-17,13,19709,17906
11-Dec-17,14,19692,17893
11-Dec-17,15,20052,18279
11-Dec-17,16,20559,18830
11-Dec-17,17,20855,19730
11-Dec-17,18,21607,20306
11-Dec-17,19,21277,19957
11-Dec-17,20,21307,19788
11-Dec-17,21,21257,19565
11-Dec-17,22,20763,18768
11-Dec-17,23,19622,17525
11-Dec-17,24,18205,16133
12-Dec-17,1,17393,15404
12-Dec-17,2,16819,14844
12-Dec-17,3,16600,14492
12-Dec-17,4,16360,14259
12-Dec-17,5,16522,14480
12-Dec-17,6,17147,15141
12-Dec-17,7,18476,16398
12-Dec-17,8,19591,17634
12-Dec-17,9,20075,17921
12-Dec-17,10,20293,18037
12-Dec-17,11,20374,18123
12-Dec-17,12,20652,18262
12-Dec-17,13,20525,18158
12-Dec-17,14,20390,18062
12-Dec-17,15,20383,18088
12-Dec-17,16,20536,18301
12-Dec-17,17,21217,19093
12-Dec-17,18,22302,20030
12-Dec-17,19,22017,19866
12-Dec-17,20,21994,19773
12-Dec-17,21,21681,19461
12-Dec-17,22,20905,18863
12-Dec-17,23,19753,17607
12-Dec-17,24,18582,16440
13-Dec-17,1,17626,15510
13-Dec-17,2,17090,15070
13-Dec-17,3,16891,14886
13-Dec-17,4,16938,14838
13-Dec-17,5,17090,14972
13-Dec-17,6,18076,15795
13-Dec-17,7,19633,17242
13-Dec-17,8,20755,18752
13-Dec-17,9,20917,18914
13-Dec-17,10,20890,18895
13-Dec-17,11,20821,18795
13-Dec-17,12,20494,18669
13-Dec-17,13,20352,18521
13-Dec-17,14,20175,18414
13-Dec-17,15,20322,18459
13-Dec-17,16,20500,18758
13-Dec-17,17,21058,19489
13-Dec-17,18,22105,20251
13-Dec-17,19,22058,20052
13-Dec-17,20,21994,20009
13-Dec-17,21,21772,19808
13-Dec-17,22,21131,19193
13-Dec-17,23,19934,18001
13-Dec-17,24,18934,16836
14-Dec-17,1,18044,15969
14-Dec-17,2,17730,15586
14-Dec-17,3,17678,15516
14-Dec-17,4,17574,15539
14-Dec-17,5,17632,15584
14-Dec-17,6,18412,16354
14-Dec-17,7,19515,17557
14-Dec-17,8,20527,19121
14-Dec-17,9,20092,19193
14-Dec-17,10,20818,19225
14-Dec-17,11,20578,19080
14-Dec-17,12,20755,18951
14-Dec-17,13,20419,18467
14-Dec-17,14,20436,18497
14-Dec-17,15,20508,18569
14-Dec-17,16,20578,18788
14-Dec-17,17,20844,19284
14-Dec-17,18,21695,19981
14-Dec-17,19,22105,19996
14-Dec-17,20,21751,19948
14-Dec-17,21,21711,19851
14-Dec-17,22,21107,19409
14-Dec-17,23,19935,18248
14-Dec-17,24,18468,16989
15-Dec-17,1,18209,16117
15-Dec-17,2,17834,15656
15-Dec-17,3,17692,15518
15-Dec-17,4,17718,15328
15-Dec-17,5,17911,15493
15-Dec-17,6,18436,16019
15-Dec-17,7,19541,17479
15-Dec-17,8,20305,18869
15-Dec-17,9,20322,18967
15-Dec-17,10,21075,19067
15-Dec-17,11,20983,19002
15-Dec-17,12,21475,18870
15-Dec-17,13,21081,18583
15-Dec-17,14,20751,18731
15-Dec-17,15,20739,18573
15-Dec-17,16,20535,18626
15-Dec-17,17,21403,19318
15-Dec-17,18,22037,19926
15-Dec-17,19,21223,19625
15-Dec-17,20,20801,19192
15-Dec-17,21,20692,18884
15-Dec-17,22,20715,18367
15-Dec-17,23,19669,17280
15-Dec-17,24,18460,16083
16-Dec-17,1,17696,15208
16-Dec-17,2,17129,14715
16-Dec-17,3,17032,14357
16-Dec-17,4,16700,14248
16-Dec-17,5,16812,14248
16-Dec-17,6,17217,14492
16-Dec-17,7,17609,15176
16-Dec-17,8,18557,16158
16-Dec-17,9,19059,17019
16-Dec-17,10,19742,17699
16-Dec-17,11,19966,17927
16-Dec-17,12,19953,17910
16-Dec-17,13,19827,17603
16-Dec-17,14,19688,17452
16-Dec-17,15,19533,17108
16-Dec-17,16,19453,17203
16-Dec-17,17,20190,17957
16-Dec-17,18,21279,19053
16-Dec-17,19,21095,18852
16-Dec-17,20,20599,18267
16-Dec-17,21,19892,17830
16-Dec-17,22,19512,17549
16-Dec-17,23,18393,16856
16-Dec-17,24,18054,16042
17-Dec-17,1,17147,15360
17-Dec-17,2,17265,14850
17-Dec-17,3,16993,14580
17-Dec-17,4,16763,14475
17-Dec-17,5,16558,14507
17-Dec-17,6,16744,14697
17-Dec-17,7,17347,15133
17-Dec-17,8,18048,15818
17-Dec-17,9,18441,16388
17-Dec-17,10,19242,16968
17-Dec-17,11,19319,17174
17-Dec-17,12,19456,17455
17-Dec-17,13,19542,17414
17-Dec-17,14,19613,17346
17-Dec-17,15,19665,17294
17-Dec-17,16,19571,17474
17-Dec-17,17,20160,18372
17-Dec-17,18,21282,19390
17-Dec-17,19,21258,19274
17-Dec-17,20,20796,18855
17-Dec-17,21,20359,18520
17-Dec-17,22,19627,17865
17-Dec-17,23,18756,16871
17-Dec-17,24,17912,15789
18-Dec-17,1,17160,15203
18-Dec-17,2,17002,14785
18-Dec-17,3,16909,14586
18-Dec-17,4,16824,14530
18-Dec-17,5,17001,14666
18-Dec-17,6,17289,15160
18-Dec-17,7,17853,16317
18-Dec-17,8,19714,17982
18-Dec-17,9,20051,18419
18-Dec-17,10,20293,18370
18-Dec-17,11,20454,18433
18-Dec-17,12,20229,18451
18-Dec-17,13,20030,18264
18-Dec-17,14,20463,18324
18-Dec-17,15,20560,18279
18-Dec-17,16,20464,18353
18-Dec-17,17,20956,19022
18-Dec-17,18,21708,19743
18-Dec-17,19,21435,19286
18-Dec-17,20,21116,18929
18-Dec-17,21,20769,18563
18-Dec-17,22,20208,17867
18-Dec-17,23,18817,16489
18-Dec-17,24,17335,15130
19-Dec-17,1,16860,14205
19-Dec-17,2,16383,13737
19-Dec-17,3,16301,13613
19-Dec-17,4,16134,13402
19-Dec-17,5,16130,13492
19-Dec-17,6,16660,13982
19-Dec-17,7,18004,15361
19-Dec-17,8,19422,16737
19-Dec-17,9,19622,16972
19-Dec-17,10,19808,16923
19-Dec-17,11,19708,16892
19-Dec-17,12,19595,16806
19-Dec-17,13,19488,16701
19-Dec-17,14,19616,16959
19-Dec-17,15,19864,17073
19-Dec-17,16,19719,17120
19-Dec-17,17,20004,17830
19-Dec-17,18,20640,18534
19-Dec-17,19,20538,18386
19-Dec-17,20,20791,18370
19-Dec-17,21,20703,18064
19-Dec-17,22,20048,17375
19-Dec-17,23,18663,16231
19-Dec-17,24,17333,14819
20-Dec-17,1,16516,14084
20-Dec-17,2,16085,13667
20-Dec-17,3,15869,13477
20-Dec-17,4,15719,13389
20-Dec-17,5,16103,13591
20-Dec-17,6,17027,14340
20-Dec-17,7,18094,15591
20-Dec-17,8,19450,17147
20-Dec-17,9,19871,17606
20-Dec-17,10,20014,17670
20-Dec-17,11,19628,17365
20-Dec-17,12,19369,17250
20-Dec-17,13,19259,17188
20-Dec-17,14,19557,17232
20-Dec-17,15,19810,17443
20-Dec-17,16,19931,17705
20-Dec-17,17,20666,18667
20-Dec-17,18,21466,19582
20-Dec-17,19,21165,19353
20-Dec-17,20,21125,19211
20-Dec-17,21,20925,19139
20-Dec-17,22,20213,18515
20-Dec-17,23,19106,17369
20-Dec-17,24,18356,16135
21-Dec-17,1,17631,15262
21-Dec-17,2,17114,14593
21-Dec-17,3,17111,14585
21-Dec-17,4,17046,14524
21-Dec-17,5,16949,14588
21-Dec-17,6,17624,15289
21-Dec-17,7,18548,16598
21-Dec-17,8,19684,18109
21-Dec-17,9,19892,18153
21-Dec-17,10,19776,18042
21-Dec-17,11,19894,17863
21-Dec-17,12,19916,17674
21-Dec-17,13,20048,17517
21-Dec-17,14,20107,17591
21-Dec-17,15,20174,17718
21-Dec-17,16,20247,18029
21-Dec-17,17,20730,18867
21-Dec-17,18,21076,19574
21-Dec-17,19,20761,19340
21-Dec-17,20,20658,19096
21-Dec-17,21,20877,18824
21-Dec-17,22,20847,18450
21-Dec-17,23,19363,17235
21-Dec-17,24,18501,16059
22-Dec-17,1,17501,15040
22-Dec-17,2,16927,14466
22-Dec-17,3,16629,14165
22-Dec-17,4,16602,14065
22-Dec-17,5,16780,14230
22-Dec-17,6,17508,14964
22-Dec-17,7,18597,16203
22-Dec-17,8,19090,17356
22-Dec-17,9,19434,17867
22-Dec-17,10,19530,18014
22-Dec-17,11,19909,18218
22-Dec-17,12,20029,18163
22-Dec-17,13,19620,18015
22-Dec-17,14,19656,17947
22-Dec-17,15,19843,17815
22-Dec-17,16,19832,17798
22-Dec-17,17,20568,18452
22-Dec-17,18,21458,19278
22-Dec-17,19,20988,18992
22-Dec-17,20,21028,18705
22-Dec-17,21,20618,18302
22-Dec-17,22,20037,17686
22-Dec-17,23,18938,16676
22-Dec-17,24,18090,15653
23-Dec-17,1,17177,14863
23-Dec-17,2,16964,14383
23-Dec-17,3,16663,14146
23-Dec-17,4,16607,14019
23-Dec-17,5,16521,13955
23-Dec-17,6,16714,14124
23-Dec-17,7,17117,14510
23-Dec-17,8,17921,15210
23-Dec-17,9,18668,15980
23-Dec-17,10,19361,16715
23-Dec-17,11,19734,17165
23-Dec-17,12,19967,17422
23-Dec-17,13,19710,17323
23-Dec-17,14,19579,16923
23-Dec-17,15,19353,16731
23-Dec-17,16,18726,16524
23-Dec-17,17,19651,17007
23-Dec-17,18,20597,17954
23-Dec-17,19,20549,17907
23-Dec-17,20,20146,17549
23-Dec-17,21,19859,17196
23-Dec-17,22,19448,16668
23-Dec-17,23,18352,15918
23-Dec-17,24,17344,14936
24-Dec-17,1,16760,14266
24-Dec-17,2,16035,13529
24-Dec-17,3,15688,13450
24-Dec-17,4,15606,13178
24-Dec-17,5,15708,13195
24-Dec-17,6,15946,13432
24-Dec-17,7,16290,13845
24-Dec-17,8,17153,14700
24-Dec-17,9,17512,15434
24-Dec-17,10,18271,16038
24-Dec-17,11,18258,16008
24-Dec-17,12,18346,16082
24-Dec-17,13,18399,16058
24-Dec-17,14,18471,16181
24-Dec-17,15,18316,16149
24-Dec-17,16,18420,16286
24-Dec-17,17,18884,16887
24-Dec-17,18,19300,17404
24-Dec-17,19,19107,17041
24-Dec-17,20,18563,16505
24-Dec-17,21,18227,16219
24-Dec-17,22,17778,15870
24-Dec-17,23,17532,15333
24-Dec-17,24,16948,14571
25-Dec-17,1,16512,13882
25-Dec-17,2,15790,13263
25-Dec-17,3,15043,12928
25-Dec-17,4,14949,12822
25-Dec-17,5,14900,12756
25-Dec-17,6,15311,12877
25-Dec-17,7,15290,13339
25-Dec-17,8,15993,13889
25-Dec-17,9,16799,14417
25-Dec-17,10,17328,14902
25-Dec-17,11,17365,15034
25-Dec-17,12,17358,15018
25-Dec-17,13,17615,15016
25-Dec-17,14,17182,14987
25-Dec-17,15,17461,15050
25-Dec-17,16,17417,15167
25-Dec-17,17,18135,15917
25-Dec-17,18,18761,16519
25-Dec-17,19,18457,16140
25-Dec-17,20,18018,15887
25-Dec-17,21,18096,15795
25-Dec-17,22,17866,15589
25-Dec-17,23,17447,15102
25-Dec-17,24,16755,14441
26-Dec-17,1,16067,13963
26-Dec-17,2,15821,13600
26-Dec-17,3,15533,13397
26-Dec-17,4,15559,13360
26-Dec-17,5,15687,13440
26-Dec-17,6,16122,13770
26-Dec-17,7,16956,14315
26-Dec-17,8,17631,14950
26-Dec-17,9,17998,15312
26-Dec-17,10,18381,15708
26-Dec-17,11,18324,15825
26-Dec-17,12,18433,15804
26-Dec-17,13,18510,15719
26-Dec-17,14,18339,15606
26-Dec-17,15,18472,15706
26-Dec-17,16,18793,16171
26-Dec-17,17,19827,17114
26-Dec-17,18,21158,18278
26-Dec-17,19,21201,18271
26-Dec-17,20,21002,17947
26-Dec-17,21,20736,17697
26-Dec-17,22,20167,17208
26-Dec-17,23,19277,16524
26-Dec-17,24,18306,15549
27-Dec-17,1,18077,15097
27-Dec-17,2,17702,14750
27-Dec-17,3,17710,14680
27-Dec-17,4,17595,14594
27-Dec-17,5,17722,14797
27-Dec-17,6,18244,15268
27-Dec-17,7,19265,16172
27-Dec-17,8,20156,17061
27-Dec-17,9,20191,17616
27-Dec-17,10,20483,17829
27-Dec-17,11,20431,17724
27-Dec-17,12,20399,17679
27-Dec-17,13,20923,17573
27-Dec-17,14,20828,17528
27-Dec-17,15,20889,17588
27-Dec-17,16,21205,17943
27-Dec-17,17,21638,18694
27-Dec-17,18,22803,19869
27-Dec-17,19,23081,19769
27-Dec-17,20,22648,19627
27-Dec-17,21,23214,19414
27-Dec-17,22,22618,18878
27-Dec-17,23,20816,17787
27-Dec-17,24,19589,16613
28-Dec-17,1,19205,16103
28-Dec-17,2,18752,15713
28-Dec-17,3,18650,15599
28-Dec-17,4,18519,15509
28-Dec-17,5,18832,15672
28-Dec-17,6,19307,16100
28-Dec-17,7,20357,16942
28-Dec-17,8,21541,17847
28-Dec-17,9,22065,18346
28-Dec-17,10,22033,18536
28-Dec-17,11,22515,18676
28-Dec-17,12,22311,18554
28-Dec-17,13,21744,18259
28-Dec-17,14,21327,18130
28-Dec-17,15,21515,18127
28-Dec-17,16,21471,18338
28-Dec-17,17,22051,19149
28-Dec-17,18,22809,20008
28-Dec-17,19,22692,19697
28-Dec-17,20,22661,19593
28-Dec-17,21,22951,19478
28-Dec-17,22,22537,18930
28-Dec-17,23,21168,17883
28-Dec-17,24,19696,16733
29-Dec-17,1,19180,16038
29-Dec-17,2,18673,15584
29-Dec-17,3,18722,15405
29-Dec-17,4,18600,15277
29-Dec-17,5,19045,15375
29-Dec-17,6,19432,15739
29-Dec-17,7,20114,16476
29-Dec-17,8,20885,17431
29-Dec-17,9,21264,17937
29-Dec-17,10,21996,18316
29-Dec-17,11,22267,18487
29-Dec-17,12,22160,18386
29-Dec-17,13,21968,18088
29-Dec-17,14,21721,17866
29-Dec-17,15,21658,17807
29-Dec-17,16,22155,17933
29-Dec-17,17,22096,18694
29-Dec-17,18,23200,19784
29-Dec-17,19,22766,19520
29-Dec-17,20,23207,19202
29-Dec-17,21,22749,19001
29-Dec-17,22,22107,18450
29-Dec-17,23,20632,17483
29-Dec-17,24,19632,16467
30-Dec-17,1,19599,15902
30-Dec-17,2,19157,15390
30-Dec-17,3,18870,15153
30-Dec-17,4,18636,15038
30-Dec-17,5,18462,15023
30-Dec-17,6,18814,15254
30-Dec-17,7,18888,15545
30-Dec-17,8,19971,16103
30-Dec-17,9,20914,16658
30-Dec-17,10,21546,17363
30-Dec-17,11,21867,17876
30-Dec-17,12,21711,17767
30-Dec-17,13,21596,17527
30-Dec-17,14,21334,17433
30-Dec-17,15,20848,17129
30-Dec-17,16,20830,17135
30-Dec-17,17,21919,17939
30-Dec-17,18,22878,19140
30-Dec-17,19,23377,19275
30-Dec-17,20,22902,18900
30-Dec-17,21,22642,18616
30-Dec-17,22,22298,18047
30-Dec-17,23,21038,17275
30-Dec-17,24,20176,16594
31-Dec-17,1,19500,16068
31-Dec-17,2,19079,15642
31-Dec-17,3,18838,15425
31-Dec-17,4,18669,15292
31-Dec-17,5,18812,15400
31-Dec-17,6,19045,15588
31-Dec-17,7,19208,15897
31-Dec-17,8,20166,16666
31-Dec-17,9,20727,17261
31-Dec-17,10,21179,17561
31-Dec-17,11,21258,17679
31-Dec-17,12,21442,17817
31-Dec-17,13,21252,17702
31-Dec-17,14,20962,17506
31-Dec-17,15,20689,17500
31-Dec-17,16,21152,17770
31-Dec-17,17,22199,18590
31-Dec-17,18,23504,19829
31-Dec-17,19,23262,19484
31-Dec-17,20,22405,18706
31-Dec-17,21,22025,18284
31-Dec-17,22,21594,17772
31-Dec-17,23,20689,17228
31-Dec-17,24,20092,16842
